OwnerUserId,Location
"13","Raleigh, NC, United States"
"22","Calgary, Canada"
"25","Seattle, Washington United States"
"27","Winchester, VA"
"40","Philadelphia, PA"
"45","United States"
"56","Groningen, Netherlands"
"58","Indianapolis, IN"
"61","Auckland, New Zealand"
"62","San Francisco, CA"
"63","Atlanta, GA"
"64","United States"
"73","United States"
"75","Baltimore, MD"
"78","Canada"
"85","United States"
"86","Denmark"
"87","Germany"
"91","Raleigh, NC, United States"
"92","California"
"96","Pittsburgh, PA"
"101","San Francisco, CA"
"109","Seattle, WA"
"111","Pittsburgh, PA"
"113","San Francisco, CA"
"115","Oregon, United States"
"116","Piedmont, CA"
"122","Sunnyvale, CA"
"142","Ireland"
"145","New York, NY"
"151","London, United Kingdom"
"170","Dublin, Ireland"
"172","Las Vegas, NV"
"184","Seattle, WA, United States"
"194","United States"
"198","Kerpen, Germany"
"199","Bristol, United Kingdom"
"204","United States"
"207","Houston, TX"
"209","Australia"
"214","United Kingdom"
"227","Istanbul, Turkey"
"230","London, United Kingdom"
"234","New Zealand"
"235","United States"
"243","Salt Lake City, UT"
"244","Montreal, Canada"
"246","Brisbane, Australia"
"253","London, United Kingdom"
"255","Boise, ID"
"260","Budapest, Hungary"
"264","Sydney, Australia"
"266","Esbo, Finland"
"268","Paris, France"
"270","Edinburgh, United Kingdom"
"273","Copenhagen, Denmark"
"274","United Kingdom"
"277","Ireland"
"282","Exeter, NH"
"287","United States"
"292","Pittsburgh, PA"
"300","Minneapolis, MN"
"302","New York, NY"
"304","United Kingdom"
"316","Pullman, WA"
"318","Elgin, IL"
"327","Orange County, California United States"
"337","Ventura, CA"
"338","United States"
"340","Richmond, VA, United States"
"342","United Kingdom"
"356","North Carolina"
"360","Atlanta, GA"
"361","Calgary, Canada"
"362","Indiana"
"381","London, United Kingdom"
"396","Winston-Salem, NC"
"404","Nashville, TN"
"406","United States"
"409","United States"
"419","Greater Perthshire, Scotland"
"420","Springfield, MO"
"422","Mountain View, CA"
"425","Leeds, AL"
"426","Australia"
"429","San Francisco, CA"
"431","Rio De Janeiro, Brazil"
"437","Waxhaw, NC, United States"
"459","United States"
"462","United States"
"472","Waterloo, ON, Canada"
"477","England, United Kingdom"
"479","Los Angeles, CA"
"482","Bangalore, Karnataka, India"
"484","New York, United States"
"486","Australia"
"488","Australia"
"493","Australia"
"501","Poland"
"506","Sarnia, Canada"
"518","Spain"
"536","Savage, MN"
"543","United States"
"557","Colorado Springs, CO"
"560","United States"
"571","Missoula, MT"
"572","Cambridge, MA, United States"
"573","Israel"
"577","Oakland, CA"
"578","Minsk, Belarus"
"609","Canada"
"625","Portland, OR"
"631","Ottawa, Canada"
"632","Boulder, CO"
"636","United States"
"646","Duvall, Washington United States"
"657","United States"
"670","United States"
"673","Philadelphia, PA"
"680","Walnut Creek, CA, United States"
"685","Earth, TX"
"686","Hungary"
"697","Perth, Australia"
"699","Sydney, Australia"
"700","Albany,  NY"
"706","Tartu, Tartu County Estonia"
"723","United States"
"725","Philadelphia, PA"
"728","Round Rock, TX, United States"
"729","United States"
"736","United States"
"737","Atlanta, GA"
"738","Madison, WI"
"739","United States"
"751","Philadelphia, PA"
"755","Edinburgh, United Kingdom"
"758","Boston, MA"
"765","Denver, CO"
"767","Frisco, TX"
"782","Sandy, UT, United States"
"791","United States"
"797","Australia"
"799","Vancouver, Canada"
"816","Irvine, CA, United States"
"823","United States"
"826","Maryborough, Victoria Australia"
"828","California"
"834","Germany"
"837","Ikskile, Latvia"
"838","Thailand"
"861","Paraguay"
"869","San Jose, CA"
"883","France"
"885","Berlin"
"890","Sweden"
"893","Christchurch, New Zealand"
"900","Utrecht, Netherlands"
"903","Germany"
"907","Toronto, Canada"
"909","Dordrecht, Netherlands"
"913","Belgium"
"916","London, United Kingdom"
"917","Munich, Germany"
"918","England, United Kingdom"
"931","Santa Clara, CA, United States"
"937","Israel"
"939","South Africa"
"940","United States"
"942","Austin, TX"
"943","New South Wales, Australia"
"959","Hyderabad, Telangana, India"
"969","Jetzendorf, Deutschland"
"972","Stockholm, Sweden"
"974","Scotland, United Kingdom"
"985","Łódź, Poland"
"986","United Kingdom"
"988","Sweden"
"998","United Kingdom"
"1000","United Kingdom"
"1007","France"
"1009","Lisbon, Portugal"
"1014","Sydney, Australia"
"1023","Indiana"
"1030","Edinburgh, United Kingdom"
"1031","United States"
"1035","Glasgow, United Kingdom"
"1038","Europe"
"1053","United States"
"1054","Alberta"
"1063","Brooklyn, NY, United States"
"1104","Detroit, MI"
"1109","Sweden"
"1112","United States"
"1113","London, United Kingdom"
"1114","Canada"
"1119","Melbourne, Victoria, Australia"
"1126","United Kingdom"
"1150","Cambridge, United Kingdom"
"1154","Buenos Aires, Autonomous City of Buenos Aires, Argentina"
"1156","Brisbane City, Queensland, Australia"
"1158","Kansas City, MO"
"1169","United Kingdom"
"1174","Edinburgh, United Kingdom"
"1190","United States"
"1197","London, Canada"
"1216","San Francisco, California, United States"
"1219","Kissimmee, FL"
"1228","United States"
"1237","Durham, CT"
"1238","Whitby, Canada"
"1247","United States"
"1256","United States"
"1265","Romania"
"1266","Chicago, Illinois United States"
"1288","Charlotte, NC"
"1293","New York, NY"
"1309","United States"
"1310","Jackson, MS"
"1318","Boulder, CO"
"1322","Clio, MI"
"1343","West, MS"
"1344","Newark, DE, United States"
"1353","Oviedo, Florida United States"
"1360","Romania"
"1366","Bellevue, WA, United States"
"1367","Newcastle, United Kingdom"
"1368","Canada"
"1369","Calgary, AB, Canada"
"1370","London, Canada"
"1406","Montreal, Canada"
"1409","United States"
"1412","San Francisco, CA"
"1419","Calgary"
"1428","Geneva, Switzerland"
"1431","Finland"
"1432","Charlotte, NC"
"1447","Chicago, IL, United States"
"1448","India"
"1449","Seattle, WA"
"1450","United Kingdom"
"1454","Milan, Italy"
"1463","Scottsdale, AZ"
"1464","Ireland"
"1471","New York, NY"
"1486","Minneapolis, MN"
"1489","Austin, TX"
"1492","Edinburgh, United Kingdom"
"1512","California"
"1528","Novi, MI"
"1533","Boston, MA"
"1539","United States"
"1542","Oslo, Norway"
"1556","Seattle, WA"
"1557","Toronto, Canada"
"1562","Sweden"
"1572","Whittier, CA"
"1578","San Francisco, CA"
"1580","Arizona"
"1585","Norway"
"1605","Israel"
"1611","Toronto, Canada"
"1615","United States"
"1622","London, United Kingdom"
"1631","Washington, United States"
"1638","United States"
"1650","United States"
"1654","Auckland, New Zealand"
"1659","Toronto, Canada"
"1662","United States"
"1666","Auckland, New Zealand"
"1679","Berlin"
"1690","Washington, DC"
"1693","Australia"
"1694","United States"
"1709","Oslo, Norway"
"1712","Estonia"
"1713","Madrid, Spain"
"1714","Melbourne, Victoria, Australia"
"1720","Auckland, New Zealand"
"1730","France"
"1737","United Kingdom"
"1765","United States"
"1769","Canada"
"1772","Israel"
"1782","Buenos Aires, Argentina"
"1785","United States"
"1793","Germany"
"1796","Bucharest, Romania"
"1797","United States"
"1801","London, United Kingdom"
"1812","Switzerland"
"1816","United Kingdom"
"1827","Netherlands"
"1836","Lausanne, Switzerland"
"1849","United Kingdom"
"1853","United Kingdom"
"1858","Lincoln, NE"
"1867","United Kingdom"
"1870","Berlin, Berlin, Germany"
"1876","Buenos Aires, Argentina"
"1891","New York, NY, United States"
"1892","United States"
"1900","United Kingdom"
"1912","England, United Kingdom"
"1915","Perth, Australia"
"1921","United States"
"1950","Renton, WA, United States"
"1958","Canada"
"1968","Cambridge, United Kingdom"
"1969","Dublin, Dublin Ireland"
"1972","United States"
"1992","United States"
"1996","Karlsruhe, Germany"
"2010","Sweden"
"2016","United States"
"2018","Belgium"
"2024","Ponce, Puerto Rico"
"2025","England, United Kingdom"
"2030","Indianapolis, IN"
"2031","United States"
"2035","Seattle, WA"
"2041","United Kingdom"
"2044","Gilbertsville, PA"
"2045","Sydney, Australia"
"2046","Columbia, MO"
"2063","Chicago, IL"
"2066","Chicago, IL"
"2072","Denver, CO, United States"
"2077","Berlin, Germany"
"2084","York, United Kingdom"
"2086","London, United Kingdom"
"2098","Grimsby, United Kingdom"
"2118","Stirling, Scotland, United Kingdom"
"2119","San Francisco, CA"
"2128","San Francisco, CA"
"2132","Tel Aviv, Israel"
"2133","Israel"
"2134","Ottawa, Canada"
"2138","Spain"
"2140","Boston, MA"
"2145","Vancouver, BC, Canada"
"2147","San Francisco, CA"
"2148","Bucaramanga, Colombia"
"2164","Folsom, PA, United States"
"2172","Ghent, Belgium"
"2174","Houston, TX, United States"
"2177","Portland, OR"
"2186","United States"
"2197","Boston, MA"
"2199","Gainesville, FL"
"2207","United States"
"2209","Anderson, SC"
"2214","St Petersburg, FL"
"2220","United States"
"2232","Chicago, IL"
"2233","Virginia"
"2238","Finland"
"2245","Melbourne, Australia"
"2267","Brazil"
"2274","Brazil"
"2275","Aachen, Germany"
"2281","Auckland, New Zealand"
"2309","Aachen, Germany"
"2312","Delaware"
"2313","London, United Kingdom"
"2323","Cincinnati, OH"
"2328","Dallas, TX, United States"
"2329","United States"
"2338","Bellingham, Washington United States"
"2362","United Kingdom"
"2367","Trier, Germany"
"2368","France"
"2387","Melbourne, Australia"
"2405","Massachusetts"
"2443","Ottawa, Canada"
"2450","Germany"
"2453","Boston, MA"
"2454","Belfast, United Kingdom"
"2455","Hampshire, United Kingdom"
"2464","Watertown, MA, USA"
"2474","Rotterdam, Netherlands"
"2481","New York, NY"
"2484","Arlington, VA"
"2492","Netherlands"
"2504","United States"
"2506","Vancouver, Canada"
"2510","Boston, MA"
"2512","Paris, France"
"2517","Dallas, TX"
"2527","Los Angeles, CA"
"2541","United Kingdom"
"2551","Toronto, Canada"
"2554","Germany"
"2567","Guelph, Canada"
"2572","Atlanta, GA"
"2582","United States"
"2583","Oslo, Norway"
"2596","Portland, OR"
"2598","Minneapolis, MN, United States"
"2605","Fargo, ND"
"2606","United States"
"2612","Montreal, Canada"
"2627","Grand Rapids, MI, United States"
"2628","Ottawa, Ontario Canada"
"2635","United States"
"2637","St Louis, MO"
"2644","New York, United States"
"2648","Ireland"
"2652","United States"
"2666","San Diego, CA"
"2670","Rotterdam, the Netherlands"
"2671","Cologne, Germany"
"2679","Helsinki, Finland"
"2684","San Francisco, CA"
"2686","Belgium"
"2695","London, United Kingdom"
"2697","Spain"
"2699","Milton Keynes, United Kingdom"
"2701","United States"
"2715","Palo Alto, CA"
"2719","United States"
"2744","Naples, FL"
"2766","Edmonton, AB, Canada"
"2774","Baton Rouge, LA"
"2783","Massachusetts"
"2786","California"
"2789","Australia"
"2796","Switzerland"
"2797","Paris, France"
"2811","Bucharest, Romania"
"2815","Washington, DC"
"2819","Israel"
"2823","Tel Aviv, Israel"
"2827","Cambridge, ID"
"2828","North Adams, MA"
"2836","Madison, Wisconsin, United States"
"2841","Galway, Ireland"
"2844","Germany"
"2846","Lisbon, Portugal"
"2847","Columbus, OH"
"2862","United States"
"2885","United States"
"2887","London, United Kingdom"
"2890","Buffalo, NY"
"2892","Amsterdam, The Netherlands"
"2909","Rockland, ME, United States"
"2935","Grimstad, Norway"
"2936","Belgium"
"2937","Madrid, Spain"
"2945","Portugal"
"2948","Finland"
"2954","Mexico"
"2955","Sydney, Australia"
"2959","Barcelona, Spain"
"2961","San Francisco Bay Area, CA, United States"
"2964","Iceland"
"2965","Lausanne, Switzerland"
"2985","United Kingdom"
"2994","Australia"
"3005","United States"
"3009","San Antonio, TX"
"3012","Bermuda"
"3020","London, United Kingdom"
"3029","Washington, DC"
"3030","Oklahoma City, OK"
"3034","Seattle, WA"
"3037","London, United Kingdom"
"3043","York, NE"
"3044","United States"
"3045","Utah"
"3048","United States"
"3050","Kildare, Ireland"
"3055","Bangkok, Thailand"
"3071","Cambridge, MA"
"3081","Oak Park, IL"
"3085","Milwaukee, WI"
"3087","United States"
"3093","United States"
"3095","Milwaukee, Wisconsin United States"
"3098","San Diego, CA"
"3106","Indiana"
"3122","France"
"3126","New Jersey"
"3134","Hamburg, Germany"
"3150","Boston, MA"
"3154","Australia"
"3171","United Kingdom"
"3181","England, United Kingdom"
"3193","London, United Kingdom"
"3196","Berlin, Germany"
"3197","Almere, Netherlands"
"3205","European Union"
"3211","Austin, TX, United States"
"3214","Germany"
"3218","Bay Area, CA, United States"
"3219","Bay Area, CA, United States"
"3221","Joinville, Brazil"
"3245","Chile"
"3253","India"
"3272","Slovakia"
"3274","United States"
"3277","Dallas, TX"
"3289","Iowa"
"3291","United States"
"3295","London, United Kingdom"
"3305","United Kingdom"
"3306","Leiden, Netherlands"
"3332","New York, NY"
"3333","Rochester, NY"
"3335","Little Rock, AR"
"3340","Chalmette, LA"
"3347","Middletown, DE"
"3355","Hendersonville, NC"
"3366","London, United Kingdom"
"3379","Reykjavik, Iceland"
"3388","Bangkok Thailand"
"3392","United Kingdom"
"3394","Guildford, United Kingdom"
"3401","United States"
"3404","Glasgow, United Kingdom"
"3410","United Kingdom"
"3414","Sweden"
"3415","Seattle, WA"
"3419","United States"
"3425","United States"
"3432","San Francisco, CA"
"3434","Boston, MA"
"3444","Calgary, Canada"
"3446","Portland, OR"
"3449","Boston, MA"
"3458","Connecticut"
"3474","United States"
"3475","Silver Spring, MD"
"3477","Geel, Belgium"
"3478","St Paul, MN"
"3484","Alameda, CA"
"3485","Brazil"
"3488","Calgary, Canada"
"3506","Delaware"
"3515","Makow Podhalanski, Poland"
"3535","San Francisco"
"3543","Ohio"
"3561","Mountain View, CA"
"3565","Europe"
"3570","Bingen am Rhein, Germany"
"3574","Delaware"
"3576","San Diego, CA"
"3583","Israel"
"3584","Sweden / Switzerland"
"3586","Ireland"
"3587","Berlin"
"3594","California"
"3596","Los Angeles, CA"
"3603","Sydney, Australia"
"3609","Bristol, United Kingdom"
"3610","Vancouver, Canada"
"3619","Pittsburgh, PA"
"3627","Toronto, ON, Canada"
"3635","Atlanta, GA"
"3636","Oakton, VA"
"3637","Massachusetts"
"3641","United States"
"3643","Mountain View, CA"
"3656","Michigan"
"3657","Arvada, CO, United States"
"3686","Switzerland"
"3700","United States"
"3707","Belgium"
"3712","United Kingdom"
"3713","Lund, Sweden"
"3725","Singapore, Singapore"
"3752","Columbia, MO"
"3764","Canada"
"3767","Washington, DC"
"3779","United States"
"3785","Munich, Bavaria Germany"
"3788","New York, NY, United States"
"3789","England, United Kingdom"
"3798","Vancouver, Canada"
"3802","Australia"
"3803","Portland, OR"
"3812","Turkey"
"3827","Massachusetts"
"3836","Berlin, Germany"
"3839","Perth, Australia"
"3847","Melbourne, Australia"
"3848","Israel"
"3875","Sheffield, United Kingdom"
"3879","Halifax, Nova Scotia, Canada"
"3882","United States"
"3885","San Francisco, CA"
"3887","London, UK"
"3889","Rochester, NY"
"3894","London, United Kingdom"
"3898","United Kingdom"
"3904","Israel"
"3913","Australia"
"3916","Bangalore, India"
"3917","Boston, MA"
"3935","Canada"
"3950","Salt Lake City, UT"
"3957","Snohomish, WA, United States"
"3966","Melbourne, Australia"
"3973","Walnut Creek, CA"
"3974","California"
"3980","Kiev, Ukraine"
"3993","Belgium"
"4003","United Kingdom"
"4004","California"
"4023","United Kingdom"
"4037","Japan"
"4038","Israel"
"4046","Summerville, SC"
"4052","Czech Republic"
"4061","Weston, Florida, United States"
"4094","Canada"
"4100","Bournemouth, United Kingdom"
"4110","Helsinki, Finland"
"4120","Glasgow, United Kingdom"
"4138","Colorado Springs, CO"
"4144","United States"
"4160","Canada"
"4167","Netherlands"
"4174","Amsterdam, The Netherlands"
"4177","French Riviera"
"4186","Bremen, Germany"
"4194","Mountain View, CA"
"4203","Duluth, GA"
"4206","Milan, Italy"
"4208","Sweden"
"4213","Brazil"
"4220","Stockholm, Sweden"
"4223","United States"
"4229","United States"
"4231","United States"
"4235","RS, Bosnia and Herzegovina"
"4242","California"
"4243","New York, NY, United States"
"4249","United States"
"4257","San Francisco, CA"
"4265","Cincinnati, OH"
"4276","Newburyport, MA"
"4279","Moscow, Russia"
"4287","Utah"
"4298","Montreal, QC, Canada"
"4308","Germany"
"4311","United States"
"4313","Purmerend, The Netherlands"
"4316","Milwaukee, WI"
"4321","United States"
"4332","United Kingdom"
"4354","Colorado"
"4356","New York, NY"
"4358","El Salvador / Canada"
"4362","Clinton, MS"
"4376","Athens, Georgia, United States"
"4386","Rosario, Argentina"
"4389","Birmingham, United Kingdom"
"4406","New Delhi, India"
"4411","Frankfurt, Germany"
"4419","New York, NY"
"4427","Finland"
"4433","Belgrade, Serbia"
"4445","Dresden, Germany"
"4450","Virginia Water, United Kingdom"
"4454","Tel Aviv, Israel"
"4458","Australia"
"4459","San Francisco, CA, United States"
"4462","Denmark"
"4464","Hendersonville, NC"
"4465","Brooklyn, New York, United States"
"4476","Maryland"
"4489","Phoenix, AZ"
"4491","Portland, OR"
"4495","Australia"
"4498","New Caledonia"
"4507","United Kingdom"
"4513","Washington, DC"
"4540","Minneapolis, MN, United States"
"4555","Seattle, WA"
"4575","New Berlin, WI"
"4591","United Kingdom"
"4594","St Paul, MN"
"4596","Madrid, Spain"
"4599","Portland, OR"
"4608","United Kingdom"
"4639","Berlin, Germany"
"4650","Des Moines, IA"
"4653","New York, NY"
"4657","Granville Ferry, NS, Canada"
"4668","Portland, OR"
"4682","Denver, CO"
"4687","Paris, France"
"4690","Italy"
"4694","Czech Republic"
"4702","London, United Kingdom"
"4717","France"
"4725","Edinburgh, Scotland"
"4728","United Kingdom"
"4735","Landshut, Germany"
"4737","Kim, CO"
"4739","United Kingdom"
"4761","Fremont, CA"
"4766","Scotts Valley, CA"
"4767","United States"
"4770","Phoenix, AZ, United States"
"4787","Horsham, United Kingdom"
"4794","Vancouver, Canada"
"4799","Berlin, Germany"
"4805","London, United Kingdom"
"4807","Vancouver, Canada"
"4808","Seattle, WA"
"4827","Hattiesburg, MS"
"4828","United States"
"4833","Berlin, Germany"
"4838","Virginia"
"4842","New York, NY"
"4843","Auckland, New Zealand"
"4850","Rio de Janeiro - RJ, Brasil"
"4857","New Zealand"
"4890","London, United Kingdom"
"4893","Boston, MA"
"4900","Belgium"
"4901","United States"
"4910","United States"
"4913","Berkeley, CA"
"4916","Boulder, CO"
"4924","Ontario, Canada"
"4926","Austin, TX"
"4927","Washington, DC"
"4931","Seattle, WA"
"4950","Manchester, United Kingdom"
"4960","United States"
"4970","Portland, OR"
"4974","Sydney, Australia"
"4979","Israel"
"4980","Germany"
"4985","Norway"
"5004","Taiwan"
"5021","Menlo Park, CA"
"5035","Berlin, Germany"
"5038","Ann Arbor, MI"
"5045","Cape Town, South Africa"
"5054","Cincinnati, OH"
"5056","United States"
"5061","United States"
"5074","Newport, RI"
"5077","Moncton, Canada"
"5101","Grapevine, Texas, United States"
"5105","Somerville, MA"
"5118","Arlington, VA"
"5133","Sydney, Australia"
"5171","Kent, United Kingdom"
"5175","England, United Kingdom"
"5182","United Kingdom"
"5193","Perth, Australia"
"5208","Knoxville, TN"
"5210","New Jersey, United States"
"5218","Austria"
"5219","London, Canada"
"5237","Dresden, Germany"
"5271","Munich, Germany"
"5274","San Diego, CA"
"5287","New York, NY"
"5288","United States"
"5291","San Francisco, CA"
"5295","California"
"5296","United Kingdom"
"5302","Sydney, Australia"
"5303","London, United Kingdom"
"5304","Atlanta, GA"
"5309","New Jersey"
"5314","Bellevue, WA, United States"
"5343","United Kingdom"
"5346","Oxford, United Kingdom"
"5363","Warsaw, Poland"
"5377","Lafayette, IN"
"5380","Australia"
"5387","Kitchener, Canada"
"5412","Wayzata, MN"
"5416","Orlando, FL"
"5422","Netherlands"
"5425","Buenos Aires, Argentina"
"5432","London, United Kingdom"
"5446","Minnesota"
"5449","United Kingdom"
"5454","United States"
"5462","United States"
"5495","Glastonbury, CT"
"5505","Sydney, Australia"
"5507","Vancouver, Canada"
"5540","Dublin, Ireland"
"5541","Kochi, India"
"5542","Aalborg, Denmark"
"5558","Milky Way Galaxy"
"5569","Atlanta, GA"
"5624","United States"
"5625","Lawrenceville, GA"
"5645","Fredericksburg, VA"
"5651","Minneapolis, MN"
"5653","Philadelphia, PA"
"5659","Connecticut"
"5675","East Palo Alto, CA"
"5678","Calgary, Canada"
"5694","United States"
"5696","Los Angeles, CA"
"5731","Tomaszów, Poland"
"5751","Germany"
"5777","London, United Kingdom"
"5788","France"
"5800","Knoxville, TN"
"5812","Rhode Island"
"5814","Massachusetts"
"5815","Worthington, OH"
"5821","Riga, Republic of Latvia"
"5822","Ghent, Belgium"
"5827","Belfast, Northern Ireland"
"5835","London, United Kingdom"
"5849","Lynchburg, VA"
"5853","San Francisco, CA"
"5868","Brighton, United Kingdom"
"5869","Winter Garden, FL, United States"
"5874","Massachusetts"
"5876","Germany"
"5885","Cincinnati, OH"
"5917","San Jose, CA"
"5921","Mountain View, CA"
"5950","Berwick-upon-Tweed, United Kingdom"
"5963","United States"
"5965","United States"
"5975","London, United Kingdom"
"5978","Boston, MA"
"5984","Cambridge, United Kingdom"
"5988","United States"
"5993","London, United Kingdom"
"6007","Toronto, Canada"
"6009","Adelaide, Australia"
"6013","Orlando, FL"
"6021","United States"
"6027","United States"
"6040","Massachusetts"
"6044","South Australia, Australia"
"6061","Italy"
"6068","United Kingdom"
"6069","Milan, Italy"
"6083","Brighton, United Kingdom"
"6085","Liverpool, United Kingdom"
"6088","London, United Kingdom"
"6094","Sydney, Australia"
"6101","London, United Kingdom"
"6102","London, United Kingdom"
"6117","San Francisco, CA"
"6128","Canada"
"6144","Toronto, Canada"
"6153","manassas va"
"6160","New Jersey"
"6161","Ohio"
"6173","United States"
"6176","Cluj, Romania"
"6178","Atlanta, GA"
"6180","Colorado"
"6186","New Bedford, MA"
"6188","Iowa"
"6193","Cleveland, OH"
"6200","Hamburg, Germany"
"6218","Australia"
"6243","Hyderabad, India"
"6254","Czech Republic"
"6264","Amersfoort, The Netherlands"
"6266","United Kingdom"
"6277","Melbourne, Australia"
"6282","Warwick, United Kingdom"
"6291","Singapore"
"6305","United States"
"6309","France"
"6310","Dublin, OH"
"6314","San Jose, CA"
"6329","Singapore, Singapore"
"6332","Washington, DC"
"6340","Newcastle, Australia"
"6342","California"
"6365","Auckland, New Zealand"
"6367","Montreal, Canada"
"6371","Oslo, Norway"
"6389","Johannesburg, South Africa"
"6394","Madison, WI"
"6400","Rotterdam, The Netherlands"
"6403","Athens, Greece"
"6406","United States"
"6414","London, United Kingdom"
"6430","Winterthur, Switzerland"
"6432","United Kingdom"
"6444","Savannah, GA, United States"
"6460","Germany"
"6475","Africa"
"6482","Slovenska Bistrica, Slovenia"
"6503","England, United Kingdom"
"6508","Portugal"
"6514","United States"
"6522","NEPA"
"6525","London, United Kingdom"
"6527","Toronto, Canada"
"6533","Ukraine"
"6537","Hungary"
"6545","United States"
"6547","Madrid, Spain"
"6580","Boston, MA"
"6583","Berlin, Germany"
"6610","Herent, Belgium"
"6613","Gurgaon, India"
"6618","Stockholm, Sweden"
"6629","Ahmadabad, India"
"6662","United Kingdom"
"6678","Dnipropetrovsk, Ukraine"
"6698","Moscow, Russia"
"6715","London, United Kingdom"
"6716","Somerset, United Kingdom"
"6770","Wisconsin"
"6782","United Kingdom"
"6788","Springfield, PA"
"6801","Norway"
"6822","United Kingdom"
"6827","Israel"
"6833","Toronto, Canada"
"6839","New York, NY, United States"
"6851","Karlsruhe, Germany"
"6856","Poland"
"6871","Estonia"
"6896","Tromsø, Norway"
"6898","United Kingdom"
"6918","Brussels, Belgium"
"6973","United States"
"6992","Buenos Aires, Argentina"
"6995","Melbourne, Australia"
"7008","Madison, WI, United States"
"7012","White Plains, NY"
"7018","Cleveland, OH"
"7028","Trento, Italy"
"7031","New York, NY"
"7034","Berlin, Germany"
"7055","London, United Kingdom"
"7059","Mulhouse, France"
"7061","Cambridge, MA"
"7084","Norway"
"7122","England, United Kingdom"
"7140","Sussex, United Kingdom"
"7143","Germany"
"7144","Manchester, United Kingdom"
"7159","Helsinki, Finland"
"7162","Poland"
"7178","Pittsburgh, PA"
"7193","Fremont, CA"
"7198","France"
"7199","United States"
"7205","Hyderabad, India"
"7211","Tunbridge Wells, United Kingdom"
"7285","Toronto, Canada"
"7288","Petit Bourg, Basse-Terre, Guadeloupe"
"7292","Russia"
"7295","Sweden"
"7315","Scotland, United Kingdom"
"7337","Zagreb, Croatia"
"7345","Vilnius, Vilnius County, Lithuania"
"7357","Pennsylvania"
"7360","Maryland"
"7363","Buenos Aires, Argentina"
"7382","Finland"
"7404","Toronto, Canada"
"7412","London, United Kingdom"
"7415","Brazil"
"7426","Atlanta, GA"
"7465","London, United Kingdom"
"7475","Atlanta, GA"
"7507","New York, NY"
"7512","Warwick, United Kingdom"
"7524","Germany"
"7531","Europe"
"7567","Sunrise, FL, United States"
"7581","Tel Aviv, Israel"
"7594","New York, NY"
"7595","Argentina"
"7599","Burlington, Canada"
"7604","Karachi, Pakistan"
"7613","Toronto, Canada"
"7647","Germany"
"7648","Madison, WI, United States"
"7650","Earth"
"7671","St Louis, MO"
"7679","San Francisco, CA, United States"
"7685","Clifton Park, NY"
"7705","Philadelphia, PA"
"7708","California"
"7714","Columbus, OH"
"7717","Seattle, WA, United States"
"7732","Switzerland"
"7743","Toronto, Canada"
"7748","Israel"
"7759","Delaware"
"7780","Europe (all of it... I'm really fat)"
"7816","Denmark"
"7839","Madrid, Spain"
"7841","Santiago, Chile"
"7849","Italy"
"7850","Jerusalem, Israel"
"7855","Ottawa, Canada"
"7867","Toronto, Canada"
"7883","Skopje, Macedonia"
"7898","France"
"7918","Warsaw, Poland"
"7920","Boston, Massachusetts United States"
"7927","Hallaer, Belgium"
"7938","London, United Kingdom"
"7944","United States"
"7965","Ulm, Germany"
"7966","Melbourne, Australia"
"7979","Fairburn, GA"
"7994","New York, NY"
"8003","La Rochelle, France"
"8005","Tokushima Prefecture"
"8020","Superior, CO, United States"
"8024","Pune, India"
"8026","Birch Tree, MO"
"8041","Brazil"
"8047","100% Virtual"
"8061","San Francisco, CA, United States"
"8078","United States"
"8092","Louisville, KY"
"8117","Fort Collins, CO"
"8123","Charlottesville, VA United States"
"8131","Portland, OR"
"8136","Reston, VA"
"8163","York, England, United Kingdom"
"8167","Lancaster, England, United Kingdom"
"8178","New York, NY"
"8187","United States"
"8203","Toronto, Canada"
"8205","Israel"
"8207","Cape Town, Western Cape, South Africa"
"8217","California"
"8233","United States"
"8252","Brooklyn, NY, United States"
"8256","United States"
"8261","London / Lyndhurst"
"8283","Espirito Santo, Brazil"
"8286","San Francisco, CA, United States"
"8315","London, United Kingdom"
"8330","Canada"
"8331","Auckland, New Zealand"
"8344","Cary, NC"
"8349","Dumfries, VA"
"8368","the internet"
"8373","United States"
"8404","Paris, France"
"8418","Copenhagen, Denmark"
"8441","New Mexico"
"8482","Brasilia, Brazil"
"8484","Columbia, South Carolina United States"
"8517","Fall Creek, WI"
"8528","New York, NY"
"8563","Austin, TX"
"8621","Czech Republic"
"8633","Scotland, United Kingdom"
"8668","Washington, United States"
"8681","Netherlands"
"8683","Stockholm, Sweden"
"8696","France"
"8698","Norway"
"8715","Lisbon, Portugal"
"8720","Cary, NC"
"8724","Greater Atlanta Region"
"8741","South Africa"
"8743","Denver, CO, United States"
"8768","Bury St. Edmunds, Bury St Edmunds, United Kingdom"
"8779","London, United Kingdom"
"8804","United States"
"8805","Copenhagen, Denmark"
"8819","Colorado, United States"
"8840","Toronto, Canada"
"8880","Los Angeles, CA"
"8912","United States"
"8945","Los Angeles, CA"
"8946","Seattle, WA"
"8959","Salt Lake City, UT"
"8969","Vancouver, Canada"
"8973","New York, NY"
"8981","United States"
"8986","Dresden, Germany"
"8994","St Louis, MO"
"8999","Brazil"
"9025","Campinas, Brazil"
"9069","Neu-Ulm, Germany"
"9095","Si, Mali"
"9117","Minnesota"
"9140","Canada"
"9155","United States"
"9161","New York, NY"
"9192","Knoxville, TN"
"9195","India"
"9204","Moscow, Russia"
"9222","Denmark"